"Time","Contracts","Funding Interval","Funding Rate"
"2022-07-04 17:00:00","THETAUSD Perpetual","8h","0.010000%"
"2022-07-04 09:00:00","THETAUSD Perpetual","8h","0.010000%"
"2022-07-04 01:00:00","THETAUSD Perpetual","8h","0.010000%"
"2022-07-03 17:00:00","THETAUSD Perpetual","8h","0.010000%"
"2022-07-03 09:00:00","THETAUSD Perpetual","8h","0.010000%"
"2022-07-03 01:00:00","THETAUSD Perpetual","8h","0.010000%"
"2022-07-02 17:00:00","THETAUSD Perpetual","8h","0.008454%"
"2022-07-02 09:00:00","THETAUSD Perpetual","8h","0.003404%"
"2022-07-02 01:00:00","THETAUSD Perpetual","8h","-0.002756%"
"2022-07-01 17:00:00","THETAUSD Perpetual","8h","0.010000%"
"2022-07-01 09:00:00","THETAUSD Perpetual","8h","0.009054%"
"2022-07-01 01:00:00","THETAUSD Perpetual","8h","-0.107930%"
"2022-06-30 17:00:00","THETAUSD Perpetual","8h","-0.009071%"
"2022-06-30 09:00:00","THETAUSD Perpetual","8h","0.010000%"
"2022-06-30 01:00:00","THETAUSD Perpetual","8h","-0.012066%"
"2022-06-29 17:00:00","THETAUSD Perpetual","8h","-0.008773%"
"2022-06-29 09:00:00","THETAUSD Perpetual","8h","-0.062060%"
"2022-06-29 01:00:00","THETAUSD Perpetual","8h","0.010000%"
"2022-06-28 17:00:00","THETAUSD Perpetual","8h","0.010000%"
"2022-06-28 09:00:00","THETAUSD Perpetual","8h","-0.001246%"
"2022-06-28 01:00:00","THETAUSD Perpetual","8h","0.010000%"
"2022-06-27 17:00:00","THETAUSD Perpetual","8h","0.010000%"
"2022-06-27 09:00:00","THETAUSD Perpetual","8h","0.007687%"
"2022-06-27 01:00:00","THETAUSD Perpetual","8h","0.010000%"
"2022-06-26 17:00:00","THETAUSD Perpetual","8h","0.010000%"
"2022-06-26 09:00:00","THETAUSD Perpetual","8h","0.008391%"
"2022-06-26 01:00:00","THETAUSD Perpetual","8h","0.003315%"
"2022-06-25 17:00:00","THETAUSD Perpetual","8h","0.010000%"
"2022-06-25 09:00:00","THETAUSD Perpetual","8h","-0.003519%"
"2022-06-25 01:00:00","THETAUSD Perpetual","8h","0.002650%"
"2022-06-24 17:00:00","THETAUSD Perpetual","8h","0.002783%"
"2022-06-24 09:00:00","THETAUSD Perpetual","8h","0.010000%"
"2022-06-24 01:00:00","THETAUSD Perpetual","8h","0.008711%"
"2022-06-23 17:00:00","THETAUSD Perpetual","8h","0.010000%"
"2022-06-23 09:00:00","THETAUSD Perpetual","8h","0.010000%"
"2022-06-23 01:00:00","THETAUSD Perpetual","8h","0.010000%"
"2022-06-22 17:00:00","THETAUSD Perpetual","8h","0.009064%"
"2022-06-22 09:00:00","THETAUSD Perpetual","8h","0.010000%"
"2022-06-22 01:00:00","THETAUSD Perpetual","8h","0.010000%"
"2022-06-21 17:00:00","THETAUSD Perpetual","8h","0.010000%"
"2022-06-21 09:00:00","THETAUSD Perpetual","8h","0.010000%"
"2022-06-21 01:00:00","THETAUSD Perpetual","8h","0.010000%"
"2022-06-20 17:00:00","THETAUSD Perpetual","8h","0.010000%"
"2022-06-20 09:00:00","THETAUSD Perpetual","8h","0.010000%"
"2022-06-20 01:00:00","THETAUSD Perpetual","8h","0.010000%"
"2022-06-19 17:00:00","THETAUSD Perpetual","8h","0.010000%"
"2022-06-19 09:00:00","THETAUSD Perpetual","8h","0.008841%"
"2022-06-19 01:00:00","THETAUSD Perpetual","8h","-0.012360%"
"2022-06-18 17:00:00","THETAUSD Perpetual","8h","-0.063850%"
"2022-06-18 09:00:00","THETAUSD Perpetual","8h","-0.004241%"
"2022-06-18 01:00:00","THETAUSD Perpetual","8h","-0.031370%"
"2022-06-17 17:00:00","THETAUSD Perpetual","8h","-0.014434%"
"2022-06-17 09:00:00","THETAUSD Perpetual","8h","-0.092660%"
"2022-06-17 01:00:00","THETAUSD Perpetual","8h","-0.047214%"
"2022-06-16 17:00:00","THETAUSD Perpetual","8h","0.010000%"
"2022-06-16 09:00:00","THETAUSD Perpetual","8h","0.010000%"
"2022-06-16 01:00:00","THETAUSD Perpetual","8h","-0.022119%"
"2022-06-15 17:00:00","THETAUSD Perpetual","8h","0.010000%"
"2022-06-15 09:00:00","THETAUSD Perpetual","8h","0.007786%"
"2022-06-15 01:00:00","THETAUSD Perpetual","8h","-0.023249%"
"2022-06-14 17:00:00","THETAUSD Perpetual","8h","0.010000%"
"2022-06-14 09:00:00","THETAUSD Perpetual","8h","-0.013375%"
"2022-06-14 01:00:00","THETAUSD Perpetual","8h","-0.018121%"
"2022-06-13 17:00:00","THETAUSD Perpetual","8h","-0.008125%"
"2022-06-13 09:00:00","THETAUSD Perpetual","8h","-0.019118%"
"2022-06-13 01:00:00","THETAUSD Perpetual","8h","-0.057241%"
"2022-06-12 17:00:00","THETAUSD Perpetual","8h","-0.072514%"
"2022-06-12 09:00:00","THETAUSD Perpetual","8h","-0.042054%"
"2022-06-12 01:00:00","THETAUSD Perpetual","8h","-0.027332%"
"2022-06-11 17:00:00","THETAUSD Perpetual","8h","-0.030261%"
"2022-06-11 09:00:00","THETAUSD Perpetual","8h","0.010000%"
"2022-06-11 01:00:00","THETAUSD Perpetual","8h","-0.008189%"
"2022-06-10 17:00:00","THETAUSD Perpetual","8h","-0.049780%"
"2022-06-10 09:00:00","THETAUSD Perpetual","8h","-0.043129%"
"2022-06-10 01:00:00","THETAUSD Perpetual","8h","-0.020551%"
"2022-06-09 17:00:00","THETAUSD Perpetual","8h","-0.033211%"
"2022-06-09 09:00:00","THETAUSD Perpetual","8h","-0.073791%"
"2022-06-09 01:00:00","THETAUSD Perpetual","8h","-0.045204%"
"2022-06-08 17:00:00","THETAUSD Perpetual","8h","-0.020356%"
"2022-06-08 09:00:00","THETAUSD Perpetual","8h","-0.052065%"
"2022-06-08 01:00:00","THETAUSD Perpetual","8h","-0.035591%"
"2022-06-07 17:00:00","THETAUSD Perpetual","8h","-0.045648%"
"2022-06-07 09:00:00","THETAUSD Perpetual","8h","-0.049913%"
"2022-06-07 01:00:00","THETAUSD Perpetual","8h","-0.035764%"
"2022-06-06 17:00:00","THETAUSD Perpetual","8h","-0.040164%"
"2022-06-06 09:00:00","THETAUSD Perpetual","8h","0.000501%"
"2022-06-06 01:00:00","THETAUSD Perpetual","8h","-0.002263%"
"2022-06-05 17:00:00","THETAUSD Perpetual","8h","0.004823%"
"2022-06-05 09:00:00","THETAUSD Perpetual","8h","-0.045192%"
"2022-06-05 01:00:00","THETAUSD Perpetual","8h","-0.048611%"
"2022-06-04 17:00:00","THETAUSD Perpetual","8h","-0.033343%"
"2022-06-04 09:00:00","THETAUSD Perpetual","8h","-0.043731%"
"2022-06-04 01:00:00","THETAUSD Perpetual","8h","-0.045297%"
"2022-06-03 17:00:00","THETAUSD Perpetual","8h","-0.047878%"
"2022-06-03 09:00:00","THETAUSD Perpetual","8h","-0.057137%"
"2022-06-03 01:00:00","THETAUSD Perpetual","8h","-0.017318%"
"2022-06-02 17:00:00","THETAUSD Perpetual","8h","-0.023858%"
"2022-06-02 09:00:00","THETAUSD Perpetual","8h","-0.006487%"
"2022-06-02 01:00:00","THETAUSD Perpetual","8h","0.002769%"
"2022-06-01 17:00:00","THETAUSD Perpetual","8h","-0.025854%"
"2022-06-01 09:00:00","THETAUSD Perpetual","8h","0.010000%"
"2022-06-01 01:00:00","THETAUSD Perpetual","8h","-0.016949%"
"2022-05-31 17:00:00","THETAUSD Perpetual","8h","-0.003360%"
"2022-05-31 09:00:00","THETAUSD Perpetual","8h","0.005214%"
"2022-05-31 01:00:00","THETAUSD Perpetual","8h","-0.014271%"
"2022-05-30 17:00:00","THETAUSD Perpetual","8h","-0.012910%"
"2022-05-30 09:00:00","THETAUSD Perpetual","8h","0.010000%"
"2022-05-30 01:00:00","THETAUSD Perpetual","8h","-0.009944%"
"2022-05-29 17:00:00","THETAUSD Perpetual","8h","-0.021124%"
"2022-05-29 09:00:00","THETAUSD Perpetual","8h","-0.047827%"
"2022-05-29 01:00:00","THETAUSD Perpetual","8h","-0.043713%"
"2022-05-28 17:00:00","THETAUSD Perpetual","8h","-0.013046%"
"2022-05-28 09:00:00","THETAUSD Perpetual","8h","-0.040626%"
"2022-05-28 01:00:00","THETAUSD Perpetual","8h","-0.076447%"
"2022-05-27 17:00:00","THETAUSD Perpetual","8h","-0.031285%"
"2022-05-27 09:00:00","THETAUSD Perpetual","8h","-0.047210%"
"2022-05-27 01:00:00","THETAUSD Perpetual","8h","-0.071682%"
"2022-05-26 17:00:00","THETAUSD Perpetual","8h","-0.036222%"
"2022-05-26 09:00:00","THETAUSD Perpetual","8h","-0.010931%"
"2022-05-26 01:00:00","THETAUSD Perpetual","8h","-0.022722%"
"2022-05-25 17:00:00","THETAUSD Perpetual","8h","-0.044816%"
"2022-05-25 09:00:00","THETAUSD Perpetual","8h","-0.031422%"
"2022-05-25 01:00:00","THETAUSD Perpetual","8h","-0.009932%"
"2022-05-24 17:00:00","THETAUSD Perpetual","8h","0.010000%"
"2022-05-24 09:00:00","THETAUSD Perpetual","8h","-0.051638%"
"2022-05-24 01:00:00","THETAUSD Perpetual","8h","-0.037565%"
"2022-05-23 17:00:00","THETAUSD Perpetual","8h","-0.002607%"
"2022-05-23 09:00:00","THETAUSD Perpetual","8h","-0.021152%"
"2022-05-23 01:00:00","THETAUSD Perpetual","8h","0.006896%"
"2022-05-22 17:00:00","THETAUSD Perpetual","8h","-0.020428%"
"2022-05-22 09:00:00","THETAUSD Perpetual","8h","-0.025118%"
"2022-05-22 01:00:00","THETAUSD Perpetual","8h","-0.011391%"
"2022-05-21 17:00:00","THETAUSD Perpetual","8h","0.010000%"
"2022-05-21 09:00:00","THETAUSD Perpetual","8h","-0.009343%"
"2022-05-21 01:00:00","THETAUSD Perpetual","8h","-0.025953%"
"2022-05-20 17:00:00","THETAUSD Perpetual","8h","-0.017479%"
"2022-05-20 09:00:00","THETAUSD Perpetual","8h","-0.005486%"
"2022-05-20 01:00:00","THETAUSD Perpetual","8h","-0.020592%"
"2022-05-19 17:00:00","THETAUSD Perpetual","8h","-0.012951%"
"2022-05-19 09:00:00","THETAUSD Perpetual","8h","-0.011087%"
"2022-05-19 01:00:00","THETAUSD Perpetual","8h","-0.033341%"
"2022-05-18 17:00:00","THETAUSD Perpetual","8h","-0.019678%"
"2022-05-18 09:00:00","THETAUSD Perpetual","8h","-0.019443%"
"2022-05-18 01:00:00","THETAUSD Perpetual","8h","-0.023073%"
"2022-05-17 17:00:00","THETAUSD Perpetual","8h","-0.018406%"
"2022-05-17 09:00:00","THETAUSD Perpetual","8h","-0.033806%"
"2022-05-17 01:00:00","THETAUSD Perpetual","8h","-0.029660%"
"2022-05-16 17:00:00","THETAUSD Perpetual","8h","-0.007276%"
"2022-05-16 09:00:00","THETAUSD Perpetual","8h","-0.020917%"
"2022-05-16 01:00:00","THETAUSD Perpetual","8h","-0.039611%"
"2022-05-15 17:00:00","THETAUSD Perpetual","8h","-0.049904%"
"2022-05-15 09:00:00","THETAUSD Perpetual","8h","-0.021776%"
"2022-05-15 01:00:00","THETAUSD Perpetual","8h","-0.023374%"
"2022-05-14 17:00:00","THETAUSD Perpetual","8h","-0.004048%"
"2022-05-14 09:00:00","THETAUSD Perpetual","8h","-0.053001%"
"2022-05-14 01:00:00","THETAUSD Perpetual","8h","-0.034159%"
"2022-05-13 17:00:00","THETAUSD Perpetual","8h","-0.001126%"
"2022-05-13 09:00:00","THETAUSD Perpetual","8h","-0.058888%"
"2022-05-13 01:00:00","THETAUSD Perpetual","8h","-0.035701%"
"2022-05-12 17:00:00","THETAUSD Perpetual","8h","-0.009333%"
"2022-05-12 09:00:00","THETAUSD Perpetual","8h","0.010000%"
"2022-05-12 01:00:00","THETAUSD Perpetual","8h","-0.074912%"
"2022-05-11 17:00:00","THETAUSD Perpetual","8h","-0.071619%"
"2022-05-11 09:00:00","THETAUSD Perpetual","8h","-0.044172%"
"2022-05-11 01:00:00","THETAUSD Perpetual","8h","-0.048703%"
"2022-05-10 17:00:00","THETAUSD Perpetual","8h","-0.057310%"
"2022-05-10 09:00:00","THETAUSD Perpetual","8h","-0.051799%"
"2022-05-10 01:00:00","THETAUSD Perpetual","8h","-0.017728%"
"2022-05-09 17:00:00","THETAUSD Perpetual","8h","0.000672%"
"2022-05-09 09:00:00","THETAUSD Perpetual","8h","0.009068%"
"2022-05-09 01:00:00","THETAUSD Perpetual","8h","0.010000%"
"2022-05-08 17:00:00","THETAUSD Perpetual","8h","-0.003454%"
"2022-05-08 09:00:00","THETAUSD Perpetual","8h","0.006205%"
"2022-05-08 01:00:00","THETAUSD Perpetual","8h","-0.007505%"
"2022-05-07 17:00:00","THETAUSD Perpetual","8h","0.010000%"
"2022-05-07 09:00:00","THETAUSD Perpetual","8h","-0.018055%"
"2022-05-07 01:00:00","THETAUSD Perpetual","8h","0.010000%"
"2022-05-06 17:00:00","THETAUSD Perpetual","8h","0.010000%"
"2022-05-06 09:00:00","THETAUSD Perpetual","8h","-0.012052%"
"2022-05-06 01:00:00","THETAUSD Perpetual","8h","0.005166%"
"2022-05-05 17:00:00","THETAUSD Perpetual","8h","-0.001807%"
"2022-05-05 09:00:00","THETAUSD Perpetual","8h","0.000585%"
"2022-05-05 01:00:00","THETAUSD Perpetual","8h","0.001143%"
"2022-05-04 17:00:00","THETAUSD Perpetual","8h","0.010000%"
"2022-05-04 09:00:00","THETAUSD Perpetual","8h","0.010000%"
"2022-05-04 01:00:00","THETAUSD Perpetual","8h","0.010000%"
"2022-05-03 17:00:00","THETAUSD Perpetual","8h","0.007710%"
"2022-05-03 09:00:00","THETAUSD Perpetual","8h","-0.018170%"
"2022-05-03 01:00:00","THETAUSD Perpetual","8h","-0.011155%"
"2022-05-02 17:00:00","THETAUSD Perpetual","8h","-0.035523%"
"2022-05-02 09:00:00","THETAUSD Perpetual","8h","-0.048507%"
"2022-05-02 01:00:00","THETAUSD Perpetual","8h","-0.013043%"
"2022-05-01 17:00:00","THETAUSD Perpetual","8h","-0.044408%"
"2022-05-01 09:00:00","THETAUSD Perpetual","8h","-0.043163%"
"2022-05-01 01:00:00","THETAUSD Perpetual","8h","-0.015049%"
"2022-04-30 17:00:00","THETAUSD Perpetual","8h","-0.004733%"
"2022-04-30 09:00:00","THETAUSD Perpetual","8h","-0.006953%"
"2022-04-30 01:00:00","THETAUSD Perpetual","8h","-0.016649%"
"2022-04-29 17:00:00","THETAUSD Perpetual","8h","0.010000%"
"2022-04-29 09:00:00","THETAUSD Perpetual","8h","0.005455%"
"2022-04-29 01:00:00","THETAUSD Perpetual","8h","0.001684%"
"2022-04-28 17:00:00","THETAUSD Perpetual","8h","0.010000%"
"2022-04-28 09:00:00","THETAUSD Perpetual","8h","0.006550%"
"2022-04-28 01:00:00","THETAUSD Perpetual","8h","-0.019445%"
"2022-04-27 17:00:00","THETAUSD Perpetual","8h","-0.004553%"
"2022-04-27 09:00:00","THETAUSD Perpetual","8h","-0.014430%"
"2022-04-27 01:00:00","THETAUSD Perpetual","8h","0.009108%"
"2022-04-26 17:00:00","THETAUSD Perpetual","8h","0.005826%"
"2022-04-26 09:00:00","THETAUSD Perpetual","8h","-0.002684%"
"2022-04-26 01:00:00","THETAUSD Perpetual","8h","0.004434%"
"2022-04-25 17:00:00","THETAUSD Perpetual","8h","-0.003470%"
"2022-04-25 09:00:00","THETAUSD Perpetual","8h","-0.009827%"
"2022-04-25 01:00:00","THETAUSD Perpetual","8h","0.006086%"
"2022-04-24 17:00:00","THETAUSD Perpetual","8h","-0.007222%"
"2022-04-24 09:00:00","THETAUSD Perpetual","8h","0.005054%"
"2022-04-24 01:00:00","THETAUSD Perpetual","8h","-0.011583%"
"2022-04-23 17:00:00","THETAUSD Perpetual","8h","-0.002073%"
"2022-04-23 09:00:00","THETAUSD Perpetual","8h","-0.002320%"
"2022-04-23 01:00:00","THETAUSD Perpetual","8h","-0.003300%"
"2022-04-22 17:00:00","THETAUSD Perpetual","8h","-0.007970%"
"2022-04-22 09:00:00","THETAUSD Perpetual","8h","0.006107%"
"2022-04-22 01:00:00","THETAUSD Perpetual","8h","0.005978%"
"2022-04-21 17:00:00","THETAUSD Perpetual","8h","0.002775%"
"2022-04-21 09:00:00","THETAUSD Perpetual","8h","0.010000%"
"2022-04-21 01:00:00","THETAUSD Perpetual","8h","0.009485%"
"2022-04-20 17:00:00","THETAUSD Perpetual","8h","0.007448%"
"2022-04-20 09:00:00","THETAUSD Perpetual","8h","0.009705%"
"2022-04-20 01:00:00","THETAUSD Perpetual","8h","0.006122%"
"2022-04-19 17:00:00","THETAUSD Perpetual","8h","0.001314%"
"2022-04-19 09:00:00","THETAUSD Perpetual","8h","0.010000%"
"2022-04-19 01:00:00","THETAUSD Perpetual","8h","-0.001899%"
"2022-04-18 17:00:00","THETAUSD Perpetual","8h","-0.024115%"
"2022-04-18 09:00:00","THETAUSD Perpetual","8h","-0.004621%"
"2022-04-18 01:00:00","THETAUSD Perpetual","8h","-0.001813%"
"2022-04-17 17:00:00","THETAUSD Perpetual","8h","0.002374%"
"2022-04-17 09:00:00","THETAUSD Perpetual","8h","0.001001%"
"2022-04-17 01:00:00","THETAUSD Perpetual","8h","-0.002520%"
"2022-04-16 17:00:00","THETAUSD Perpetual","8h","0.010000%"
"2022-04-16 09:00:00","THETAUSD Perpetual","8h","0.002797%"
"2022-04-16 01:00:00","THETAUSD Perpetual","8h","-0.011882%"
"2022-04-15 17:00:00","THETAUSD Perpetual","8h","-0.012577%"
"2022-04-15 09:00:00","THETAUSD Perpetual","8h","-0.013194%"
"2022-04-15 01:00:00","THETAUSD Perpetual","8h","-0.002893%"
"2022-04-14 17:00:00","THETAUSD Perpetual","8h","-0.006283%"
"2022-04-14 09:00:00","THETAUSD Perpetual","8h","0.010000%"
"2022-04-14 01:00:00","THETAUSD Perpetual","8h","-0.019477%"
"2022-04-13 17:00:00","THETAUSD Perpetual","8h","0.001445%"
"2022-04-13 09:00:00","THETAUSD Perpetual","8h","-0.003192%"
"2022-04-13 01:00:00","THETAUSD Perpetual","8h","-0.003429%"
"2022-04-12 17:00:00","THETAUSD Perpetual","8h","-0.000847%"
"2022-04-12 09:00:00","THETAUSD Perpetual","8h","-0.015742%"
"2022-04-12 01:00:00","THETAUSD Perpetual","8h","-0.002865%"
"2022-04-11 17:00:00","THETAUSD Perpetual","8h","-0.016627%"
"2022-04-11 09:00:00","THETAUSD Perpetual","8h","-0.015795%"
"2022-04-11 01:00:00","THETAUSD Perpetual","8h","-0.004578%"
"2022-04-10 17:00:00","THETAUSD Perpetual","8h","0.000248%"
"2022-04-10 09:00:00","THETAUSD Perpetual","8h","-0.001094%"
"2022-04-10 01:00:00","THETAUSD Perpetual","8h","-0.016204%"
"2022-04-09 17:00:00","THETAUSD Perpetual","8h","-0.015130%"
"2022-04-09 09:00:00","THETAUSD Perpetual","8h","-0.012273%"
"2022-04-09 01:00:00","THETAUSD Perpetual","8h","0.004428%"
"2022-04-08 17:00:00","THETAUSD Perpetual","8h","-0.005064%"
"2022-04-08 09:00:00","THETAUSD Perpetual","8h","0.006264%"
"2022-04-08 01:00:00","THETAUSD Perpetual","8h","0.001393%"
"2022-04-07 17:00:00","THETAUSD Perpetual","8h","-0.003470%"
"2022-04-07 09:00:00","THETAUSD Perpetual","8h","0.004967%"
"2022-04-07 01:00:00","THETAUSD Perpetual","8h","0.001677%"
"2022-04-06 17:00:00","THETAUSD Perpetual","8h","0.010000%"
"2022-04-06 09:00:00","THETAUSD Perpetual","8h","0.010000%"
"2022-04-06 01:00:00","THETAUSD Perpetual","8h","0.010000%"
"2022-04-05 17:00:00","THETAUSD Perpetual","8h","0.010000%"
"2022-04-05 09:00:00","THETAUSD Perpetual","8h","0.009202%"
"2022-04-05 01:00:00","THETAUSD Perpetual","8h","0.010000%"
"2022-04-04 17:00:00","THETAUSD Perpetual","8h","0.010000%"
"2022-04-04 09:00:00","THETAUSD Perpetual","8h","0.010000%"
"2022-04-04 01:00:00","THETAUSD Perpetual","8h","0.010000%"
"2022-04-03 17:00:00","THETAUSD Perpetual","8h","0.010000%"
"2022-04-03 09:00:00","THETAUSD Perpetual","8h","0.010000%"
"2022-04-03 01:00:00","THETAUSD Perpetual","8h","0.010000%"
"2022-04-02 17:00:00","THETAUSD Perpetual","8h","0.010000%"
"2022-04-02 09:00:00","THETAUSD Perpetual","8h","0.010000%"
"2022-04-02 01:00:00","THETAUSD Perpetual","8h","0.009855%"
"2022-04-01 17:00:00","THETAUSD Perpetual","8h","0.010000%"
"2022-04-01 09:00:00","THETAUSD Perpetual","8h","0.010000%"
"2022-04-01 01:00:00","THETAUSD Perpetual","8h","0.010000%"
"2022-03-31 17:00:00","THETAUSD Perpetual","8h","0.010000%"
"2022-03-31 09:00:00","THETAUSD Perpetual","8h","0.010000%"
"2022-03-31 01:00:00","THETAUSD Perpetual","8h","0.010000%"
"2022-03-30 17:00:00","THETAUSD Perpetual","8h","0.010000%"
"2022-03-30 09:00:00","THETAUSD Perpetual","8h","0.010000%"
"2022-03-30 01:00:00","THETAUSD Perpetual","8h","0.010000%"
"2022-03-29 17:00:00","THETAUSD Perpetual","8h","0.010000%"
"2022-03-29 09:00:00","THETAUSD Perpetual","8h","0.010000%"
"2022-03-29 01:00:00","THETAUSD Perpetual","8h","0.010000%"
"2022-03-28 17:00:00","THETAUSD Perpetual","8h","0.010000%"
"2022-03-28 09:00:00","THETAUSD Perpetual","8h","0.010000%"
"2022-03-28 01:00:00","THETAUSD Perpetual","8h","0.010000%"
"2022-03-27 17:00:00","THETAUSD Perpetual","8h","0.010000%"
"2022-03-27 09:00:00","THETAUSD Perpetual","8h","0.010000%"
"2022-03-27 01:00:00","THETAUSD Perpetual","8h","0.010000%"
"2022-03-26 17:00:00","THETAUSD Perpetual","8h","0.010000%"
"2022-03-26 09:00:00","THETAUSD Perpetual","8h","0.010000%"
"2022-03-26 01:00:00","THETAUSD Perpetual","8h","0.010000%"
"2022-03-25 17:00:00","THETAUSD Perpetual","8h","0.010000%"
"2022-03-25 09:00:00","THETAUSD Perpetual","8h","0.010000%"
"2022-03-25 01:00:00","THETAUSD Perpetual","8h","0.010000%"
"2022-03-24 17:00:00","THETAUSD Perpetual","8h","0.010000%"
"2022-03-24 09:00:00","THETAUSD Perpetual","8h","0.010000%"
"2022-03-24 01:00:00","THETAUSD Perpetual","8h","0.010000%"
"2022-03-23 17:00:00","THETAUSD Perpetual","8h","0.010000%"
"2022-03-23 09:00:00","THETAUSD Perpetual","8h","0.010000%"
"2022-03-23 01:00:00","THETAUSD Perpetual","8h","0.010000%"
"2022-03-22 17:00:00","THETAUSD Perpetual","8h","0.010000%"
"2022-03-22 09:00:00","THETAUSD Perpetual","8h","0.010000%"
"2022-03-22 01:00:00","THETAUSD Perpetual","8h","0.010000%"
"2022-03-21 17:00:00","THETAUSD Perpetual","8h","0.010000%"
"2022-03-21 09:00:00","THETAUSD Perpetual","8h","0.010000%"
"2022-03-21 01:00:00","THETAUSD Perpetual","8h","0.010000%"
"2022-03-20 17:00:00","THETAUSD Perpetual","8h","0.010000%"
"2022-03-20 09:00:00","THETAUSD Perpetual","8h","0.010000%"
"2022-03-20 01:00:00","THETAUSD Perpetual","8h","0.010000%"
"2022-03-19 17:00:00","THETAUSD Perpetual","8h","0.010000%"
"2022-03-19 09:00:00","THETAUSD Perpetual","8h","0.010000%"
"2022-03-19 01:00:00","THETAUSD Perpetual","8h","0.010000%"
"2022-03-18 17:00:00","THETAUSD Perpetual","8h","0.010000%"
"2022-03-18 09:00:00","THETAUSD Perpetual","8h","0.010000%"
"2022-03-18 01:00:00","THETAUSD Perpetual","8h","0.010000%"
"2022-03-17 17:00:00","THETAUSD Perpetual","8h","0.010000%"
"2022-03-17 09:00:00","THETAUSD Perpetual","8h","0.010000%"
"2022-03-17 01:00:00","THETAUSD Perpetual","8h","0.010000%"
"2022-03-16 17:00:00","THETAUSD Perpetual","8h","0.010000%"
"2022-03-16 09:00:00","THETAUSD Perpetual","8h","0.010000%"
"2022-03-16 01:00:00","THETAUSD Perpetual","8h","0.010000%"
"2022-03-15 17:00:00","THETAUSD Perpetual","8h","0.010000%"
"2022-03-15 09:00:00","THETAUSD Perpetual","8h","0.010000%"
"2022-03-15 01:00:00","THETAUSD Perpetual","8h","0.010000%"
"2022-03-14 17:00:00","THETAUSD Perpetual","8h","0.010000%"
"2022-03-14 09:00:00","THETAUSD Perpetual","8h","0.003208%"
"2022-03-14 01:00:00","THETAUSD Perpetual","8h","0.010000%"
"2022-03-13 17:00:00","THETAUSD Perpetual","8h","0.010000%"
"2022-03-13 09:00:00","THETAUSD Perpetual","8h","0.010000%"
"2022-03-13 01:00:00","THETAUSD Perpetual","8h","0.010000%"
"2022-03-12 17:00:00","THETAUSD Perpetual","8h","0.010000%"
"2022-03-12 09:00:00","THETAUSD Perpetual","8h","0.004326%"
"2022-03-12 01:00:00","THETAUSD Perpetual","8h","0.005540%"
"2022-03-11 17:00:00","THETAUSD Perpetual","8h","0.010000%"
"2022-03-11 09:00:00","THETAUSD Perpetual","8h","0.010000%"
"2022-03-11 01:00:00","THETAUSD Perpetual","8h","0.005671%"
"2022-03-10 17:00:00","THETAUSD Perpetual","8h","0.005377%"
"2022-03-10 09:00:00","THETAUSD Perpetual","8h","0.010000%"
"2022-03-10 01:00:00","THETAUSD Perpetual","8h","0.010000%"
"2022-03-09 17:00:00","THETAUSD Perpetual","8h","0.010000%"
"2022-03-09 09:00:00","THETAUSD Perpetual","8h","0.003415%"
"2022-03-09 01:00:00","THETAUSD Perpetual","8h","0.010000%"
"2022-03-08 17:00:00","THETAUSD Perpetual","8h","0.010000%"
"2022-03-08 09:00:00","THETAUSD Perpetual","8h","0.010000%"
"2022-03-08 01:00:00","THETAUSD Perpetual","8h","0.010000%"
"2022-03-07 17:00:00","THETAUSD Perpetual","8h","0.010000%"
"2022-03-07 09:00:00","THETAUSD Perpetual","8h","0.010000%"
"2022-03-07 01:00:00","THETAUSD Perpetual","8h","0.010000%"
"2022-03-06 17:00:00","THETAUSD Perpetual","8h","0.010000%"
"2022-03-06 09:00:00","THETAUSD Perpetual","8h","0.010000%"
"2022-03-06 01:00:00","THETAUSD Perpetual","8h","0.010000%"
"2022-03-05 17:00:00","THETAUSD Perpetual","8h","0.010000%"
"2022-03-05 09:00:00","THETAUSD Perpetual","8h","0.010000%"
"2022-03-05 01:00:00","THETAUSD Perpetual","8h","0.010000%"
"2022-03-04 17:00:00","THETAUSD Perpetual","8h","0.010000%"
"2022-03-04 09:00:00","THETAUSD Perpetual","8h","0.010000%"
"2022-03-04 01:00:00","THETAUSD Perpetual","8h","0.010000%"
"2022-03-03 17:00:00","THETAUSD Perpetual","8h","0.010000%"
"2022-03-03 09:00:00","THETAUSD Perpetual","8h","0.010000%"
"2022-03-03 01:00:00","THETAUSD Perpetual","8h","0.010000%"
"2022-03-02 17:00:00","THETAUSD Perpetual","8h","0.010000%"
"2022-03-02 09:00:00","THETAUSD Perpetual","8h","0.007679%"
"2022-03-02 01:00:00","THETAUSD Perpetual","8h","0.010000%"
"2022-03-01 17:00:00","THETAUSD Perpetual","8h","0.010000%"
"2022-03-01 09:00:00","THETAUSD Perpetual","8h","0.010000%"
"2022-03-01 01:00:00","THETAUSD Perpetual","8h","-0.003033%"
"2022-02-28 17:00:00","THETAUSD Perpetual","8h","-0.002199%"
"2022-02-28 09:00:00","THETAUSD Perpetual","8h","0.004504%"
"2022-02-28 01:00:00","THETAUSD Perpetual","8h","0.003795%"
"2022-02-27 17:00:00","THETAUSD Perpetual","8h","-0.026339%"
"2022-02-27 09:00:00","THETAUSD Perpetual","8h","-0.024261%"
"2022-02-27 01:00:00","THETAUSD Perpetual","8h","-0.030612%"
"2022-02-26 17:00:00","THETAUSD Perpetual","8h","-0.019593%"
"2022-02-26 09:00:00","THETAUSD Perpetual","8h","-0.011318%"
"2022-02-26 01:00:00","THETAUSD Perpetual","8h","-0.018394%"
"2022-02-25 17:00:00","THETAUSD Perpetual","8h","-0.015065%"
"2022-02-25 09:00:00","THETAUSD Perpetual","8h","0.007093%"
"2022-02-25 01:00:00","THETAUSD Perpetual","8h","-0.001719%"
"2022-02-24 17:00:00","THETAUSD Perpetual","8h","-0.006907%"
"2022-02-24 09:00:00","THETAUSD Perpetual","8h","0.003702%"
"2022-02-24 01:00:00","THETAUSD Perpetual","8h","0.010000%"
"2022-02-23 17:00:00","THETAUSD Perpetual","8h","0.009893%"
"2022-02-23 09:00:00","THETAUSD Perpetual","8h","0.010000%"
"2022-02-23 01:00:00","THETAUSD Perpetual","8h","0.010000%"
"2022-02-22 17:00:00","THETAUSD Perpetual","8h","0.010000%"
"2022-02-22 09:00:00","THETAUSD Perpetual","8h","0.010000%"
"2022-02-22 01:00:00","THETAUSD Perpetual","8h","0.010000%"
"2022-02-21 17:00:00","THETAUSD Perpetual","8h","0.010000%"
"2022-02-21 09:00:00","THETAUSD Perpetual","8h","0.010000%"
"2022-02-21 01:00:00","THETAUSD Perpetual","8h","0.010000%"
"2022-02-20 17:00:00","THETAUSD Perpetual","8h","0.010000%"
"2022-02-20 09:00:00","THETAUSD Perpetual","8h","0.010000%"
"2022-02-20 01:00:00","THETAUSD Perpetual","8h","0.010000%"
"2022-02-19 17:00:00","THETAUSD Perpetual","8h","0.010000%"
"2022-02-19 09:00:00","THETAUSD Perpetual","8h","0.010000%"
"2022-02-19 01:00:00","THETAUSD Perpetual","8h","0.010000%"
"2022-02-18 17:00:00","THETAUSD Perpetual","8h","0.010000%"
"2022-02-18 09:00:00","THETAUSD Perpetual","8h","-0.008902%"
"2022-02-18 01:00:00","THETAUSD Perpetual","8h","0.010000%"
"2022-02-17 17:00:00","THETAUSD Perpetual","8h","0.010000%"
"2022-02-17 09:00:00","THETAUSD Perpetual","8h","0.010000%"
"2022-02-17 01:00:00","THETAUSD Perpetual","8h","0.010000%"
"2022-02-16 17:00:00","THETAUSD Perpetual","8h","0.010000%"
"2022-02-16 09:00:00","THETAUSD Perpetual","8h","0.010000%"
"2022-02-16 01:00:00","THETAUSD Perpetual","8h","0.010000%"
"2022-02-15 17:00:00","THETAUSD Perpetual","8h","0.007708%"
"2022-02-15 09:00:00","THETAUSD Perpetual","8h","0.007526%"
"2022-02-15 01:00:00","THETAUSD Perpetual","8h","0.010000%"
"2022-02-14 17:00:00","THETAUSD Perpetual","8h","0.003025%"
"2022-02-14 09:00:00","THETAUSD Perpetual","8h","0.002669%"
"2022-02-14 01:00:00","THETAUSD Perpetual","8h","-0.003344%"
"2022-02-13 17:00:00","THETAUSD Perpetual","8h","-0.003659%"
"2022-02-13 09:00:00","THETAUSD Perpetual","8h","0.001544%"
"2022-02-13 01:00:00","THETAUSD Perpetual","8h","0.008823%"
"2022-02-12 17:00:00","THETAUSD Perpetual","8h","0.010000%"
"2022-02-12 09:00:00","THETAUSD Perpetual","8h","0.010000%"
"2022-02-12 01:00:00","THETAUSD Perpetual","8h","-0.000740%"
"2022-02-11 17:00:00","THETAUSD Perpetual","8h","-0.018809%"
"2022-02-11 09:00:00","THETAUSD Perpetual","8h","0.001498%"
"2022-02-11 01:00:00","THETAUSD Perpetual","8h","-0.011595%"
"2022-02-10 17:00:00","THETAUSD Perpetual","8h","-0.001784%"
"2022-02-10 09:00:00","THETAUSD Perpetual","8h","-0.023035%"
"2022-02-10 01:00:00","THETAUSD Perpetual","8h","0.002557%"
"2022-02-09 17:00:00","THETAUSD Perpetual","8h","0.003826%"
"2022-02-09 09:00:00","THETAUSD Perpetual","8h","-0.000672%"
"2022-02-09 01:00:00","THETAUSD Perpetual","8h","-0.005746%"
"2022-02-08 17:00:00","THETAUSD Perpetual","8h","0.001577%"
"2022-02-08 09:00:00","THETAUSD Perpetual","8h","0.007362%"
"2022-02-08 01:00:00","THETAUSD Perpetual","8h","0.008221%"
"2022-02-07 17:00:00","THETAUSD Perpetual","8h","-0.016700%"
"2022-02-07 09:00:00","THETAUSD Perpetual","8h","-0.006451%"
"2022-02-07 01:00:00","THETAUSD Perpetual","8h","0.002540%"
"2022-02-06 17:00:00","THETAUSD Perpetual","8h","0.005587%"
"2022-02-06 09:00:00","THETAUSD Perpetual","8h","0.010000%"
"2022-02-06 01:00:00","THETAUSD Perpetual","8h","0.010000%"
"2022-02-05 17:00:00","THETAUSD Perpetual","8h","0.010000%"
"2022-02-05 09:00:00","THETAUSD Perpetual","8h","0.005677%"
"2022-02-05 01:00:00","THETAUSD Perpetual","8h","-0.009145%"
"2022-02-04 17:00:00","THETAUSD Perpetual","8h","-0.016405%"
"2022-02-04 09:00:00","THETAUSD Perpetual","8h","0.005163%"
"2022-02-04 01:00:00","THETAUSD Perpetual","8h","0.010000%"
"2022-02-03 17:00:00","THETAUSD Perpetual","8h","0.002441%"
"2022-02-03 09:00:00","THETAUSD Perpetual","8h","-0.007659%"
"2022-02-03 01:00:00","THETAUSD Perpetual","8h","-0.002661%"
"2022-02-02 17:00:00","THETAUSD Perpetual","8h","-0.018457%"
"2022-02-02 09:00:00","THETAUSD Perpetual","8h","-0.007043%"
"2022-02-02 01:00:00","THETAUSD Perpetual","8h","0.010000%"
"2022-02-01 17:00:00","THETAUSD Perpetual","8h","0.010000%"
"2022-02-01 09:00:00","THETAUSD Perpetual","8h","-0.009787%"
"2022-02-01 01:00:00","THETAUSD Perpetual","8h","-0.025469%"
"2022-01-31 17:00:00","THETAUSD Perpetual","8h","-0.018773%"
"2022-01-31 09:00:00","THETAUSD Perpetual","8h","-0.032354%"
"2022-01-31 01:00:00","THETAUSD Perpetual","8h","0.006857%"
"2022-01-30 17:00:00","THETAUSD Perpetual","8h","0.010000%"
"2022-01-30 09:00:00","THETAUSD Perpetual","8h","-0.005182%"
"2022-01-30 01:00:00","THETAUSD Perpetual","8h","0.001097%"
"2022-01-29 17:00:00","THETAUSD Perpetual","8h","0.005826%"
"2022-01-29 09:00:00","THETAUSD Perpetual","8h","-0.007365%"
"2022-01-29 01:00:00","THETAUSD Perpetual","8h","0.003529%"
"2022-01-28 17:00:00","THETAUSD Perpetual","8h","-0.006074%"
"2022-01-28 09:00:00","THETAUSD Perpetual","8h","-0.005296%"
"2022-01-28 01:00:00","THETAUSD Perpetual","8h","-0.026380%"
"2022-01-27 17:00:00","THETAUSD Perpetual","8h","-0.022946%"
"2022-01-27 09:00:00","THETAUSD Perpetual","8h","-0.022408%"
"2022-01-27 01:00:00","THETAUSD Perpetual","8h","-0.019290%"
"2022-01-26 17:00:00","THETAUSD Perpetual","8h","-0.011409%"
"2022-01-26 09:00:00","THETAUSD Perpetual","8h","-0.036752%"
"2022-01-26 01:00:00","THETAUSD Perpetual","8h","-0.037750%"
"2022-01-25 17:00:00","THETAUSD Perpetual","8h","-0.029650%"
"2022-01-25 09:00:00","THETAUSD Perpetual","8h","-0.051724%"
"2022-01-25 01:00:00","THETAUSD Perpetual","8h","-0.017524%"
"2022-01-24 17:00:00","THETAUSD Perpetual","8h","-0.070505%"
"2022-01-24 09:00:00","THETAUSD Perpetual","8h","-0.040484%"
"2022-01-24 01:00:00","THETAUSD Perpetual","8h","-0.037934%"
"2022-01-23 17:00:00","THETAUSD Perpetual","8h","-0.030597%"
"2022-01-23 09:00:00","THETAUSD Perpetual","8h","-0.050281%"
"2022-01-23 01:00:00","THETAUSD Perpetual","8h","-0.042599%"
"2022-01-22 17:00:00","THETAUSD Perpetual","8h","-0.017134%"
"2022-01-22 09:00:00","THETAUSD Perpetual","8h","0.010000%"
"2022-01-22 01:00:00","THETAUSD Perpetual","8h","0.010000%"
"2022-01-21 17:00:00","THETAUSD Perpetual","8h","0.010000%"
"2022-01-21 09:00:00","THETAUSD Perpetual","8h","0.010000%"
"2022-01-21 01:00:00","THETAUSD Perpetual","8h","0.010000%"
"2022-01-20 17:00:00","THETAUSD Perpetual","8h","0.010000%"
"2022-01-20 09:00:00","THETAUSD Perpetual","8h","0.010000%"
"2022-01-20 01:00:00","THETAUSD Perpetual","8h","-0.005065%"
"2022-01-19 17:00:00","THETAUSD Perpetual","8h","0.010000%"
"2022-01-19 09:00:00","THETAUSD Perpetual","8h","0.010000%"
"2022-01-19 01:00:00","THETAUSD Perpetual","8h","0.010000%"
"2022-01-18 17:00:00","THETAUSD Perpetual","8h","0.010000%"
"2022-01-18 09:00:00","THETAUSD Perpetual","8h","0.001887%"
"2022-01-18 01:00:00","THETAUSD Perpetual","8h","0.002962%"
"2022-01-17 17:00:00","THETAUSD Perpetual","8h","0.010000%"
"2022-01-17 09:00:00","THETAUSD Perpetual","8h","0.010000%"
"2022-01-17 01:00:00","THETAUSD Perpetual","8h","0.010000%"
"2022-01-16 17:00:00","THETAUSD Perpetual","8h","0.010000%"
"2022-01-16 09:00:00","THETAUSD Perpetual","8h","0.010000%"
"2022-01-16 01:00:00","THETAUSD Perpetual","8h","0.010000%"
"2022-01-15 17:00:00","THETAUSD Perpetual","8h","0.010000%"
"2022-01-15 09:00:00","THETAUSD Perpetual","8h","0.010000%"
"2022-01-15 01:00:00","THETAUSD Perpetual","8h","0.010000%"
"2022-01-14 17:00:00","THETAUSD Perpetual","8h","0.010000%"
"2022-01-14 09:00:00","THETAUSD Perpetual","8h","0.010000%"
"2022-01-14 01:00:00","THETAUSD Perpetual","8h","0.010000%"
"2022-01-13 17:00:00","THETAUSD Perpetual","8h","0.010000%"
"2022-01-13 09:00:00","THETAUSD Perpetual","8h","0.007954%"
"2022-01-13 01:00:00","THETAUSD Perpetual","8h","0.010000%"
"2022-01-12 17:00:00","THETAUSD Perpetual","8h","0.005375%"
"2022-01-12 09:00:00","THETAUSD Perpetual","8h","0.010000%"
"2022-01-12 01:00:00","THETAUSD Perpetual","8h","0.010000%"
"2022-01-11 17:00:00","THETAUSD Perpetual","8h","0.010000%"
"2022-01-11 09:00:00","THETAUSD Perpetual","8h","0.010000%"
"2022-01-11 01:00:00","THETAUSD Perpetual","8h","0.010000%"
"2022-01-10 17:00:00","THETAUSD Perpetual","8h","0.010000%"
"2022-01-10 09:00:00","THETAUSD Perpetual","8h","0.010000%"
"2022-01-10 01:00:00","THETAUSD Perpetual","8h","0.010000%"
"2022-01-09 17:00:00","THETAUSD Perpetual","8h","0.010000%"
"2022-01-09 09:00:00","THETAUSD Perpetual","8h","0.010000%"
"2022-01-09 01:00:00","THETAUSD Perpetual","8h","0.010000%"
"2022-01-08 17:00:00","THETAUSD Perpetual","8h","0.010000%"
"2022-01-08 09:00:00","THETAUSD Perpetual","8h","0.010000%"
"2022-01-08 01:00:00","THETAUSD Perpetual","8h","0.010000%"
"2022-01-07 17:00:00","THETAUSD Perpetual","8h","0.010000%"
"2022-01-07 09:00:00","THETAUSD Perpetual","8h","0.010000%"
"2022-01-07 01:00:00","THETAUSD Perpetual","8h","0.010000%"
"2022-01-06 17:00:00","THETAUSD Perpetual","8h","0.010000%"
"2022-01-06 09:00:00","THETAUSD Perpetual","8h","0.010000%"
"2022-01-06 01:00:00","THETAUSD Perpetual","8h","0.010000%"
"2022-01-05 17:00:00","THETAUSD Perpetual","8h","0.010000%"
"2022-01-05 09:00:00","THETAUSD Perpetual","8h","0.010000%"
"2022-01-05 01:00:00","THETAUSD Perpetual","8h","0.010000%"
"2022-01-04 17:00:00","THETAUSD Perpetual","8h","0.010000%"
"2022-01-04 09:00:00","THETAUSD Perpetual","8h","0.010000%"
"2022-01-04 01:00:00","THETAUSD Perpetual","8h","0.010000%"
"2022-01-03 17:00:00","THETAUSD Perpetual","8h","0.010000%"
"2022-01-03 09:00:00","THETAUSD Perpetual","8h","0.010000%"
"2022-01-03 01:00:00","THETAUSD Perpetual","8h","0.010000%"
"2022-01-02 17:00:00","THETAUSD Perpetual","8h","0.010000%"
"2022-01-02 09:00:00","THETAUSD Perpetual","8h","0.010000%"
"2022-01-02 01:00:00","THETAUSD Perpetual","8h","0.010000%"
"2022-01-01 17:00:00","THETAUSD Perpetual","8h","0.010000%"
"2022-01-01 09:00:00","THETAUSD Perpetual","8h","0.010000%"
"2022-01-01 01:00:00","THETAUSD Perpetual","8h","0.010000%"
"2021-12-31 17:00:00","THETAUSD Perpetual","8h","0.010000%"
"2021-12-31 09:00:00","THETAUSD Perpetual","8h","0.010000%"
"2021-12-31 01:00:00","THETAUSD Perpetual","8h","0.010000%"
"2021-12-30 17:00:00","THETAUSD Perpetual","8h","0.010000%"
"2021-12-30 09:00:00","THETAUSD Perpetual","8h","0.010000%"
"2021-12-30 01:00:00","THETAUSD Perpetual","8h","0.010000%"
"2021-12-29 17:00:00","THETAUSD Perpetual","8h","0.010000%"
"2021-12-29 09:00:00","THETAUSD Perpetual","8h","0.010000%"
"2021-12-29 01:00:00","THETAUSD Perpetual","8h","0.010000%"
"2021-12-28 17:00:00","THETAUSD Perpetual","8h","0.010000%"
"2021-12-28 09:00:00","THETAUSD Perpetual","8h","0.010000%"
"2021-12-28 01:00:00","THETAUSD Perpetual","8h","0.010000%"
"2021-12-27 17:00:00","THETAUSD Perpetual","8h","0.010000%"
"2021-12-27 09:00:00","THETAUSD Perpetual","8h","0.007629%"
"2021-12-27 01:00:00","THETAUSD Perpetual","8h","0.010000%"
"2021-12-26 17:00:00","THETAUSD Perpetual","8h","0.009789%"
"2021-12-26 09:00:00","THETAUSD Perpetual","8h","-0.008398%"
"2021-12-26 01:00:00","THETAUSD Perpetual","8h","0.010000%"
"2021-12-25 17:00:00","THETAUSD Perpetual","8h","-0.010542%"
"2021-12-25 09:00:00","THETAUSD Perpetual","8h","0.004118%"
"2021-12-25 01:00:00","THETAUSD Perpetual","8h","0.002864%"
"2021-12-24 17:00:00","THETAUSD Perpetual","8h","-0.002706%"
"2021-12-24 09:00:00","THETAUSD Perpetual","8h","0.003699%"
"2021-12-24 01:00:00","THETAUSD Perpetual","8h","0.010000%"
"2021-12-23 17:00:00","THETAUSD Perpetual","8h","-0.011973%"
"2021-12-23 09:00:00","THETAUSD Perpetual","8h","0.010000%"
"2021-12-23 01:00:00","THETAUSD Perpetual","8h","0.010000%"
"2021-12-22 17:00:00","THETAUSD Perpetual","8h","0.010000%"
"2021-12-22 09:00:00","THETAUSD Perpetual","8h","0.000573%"
"2021-12-22 01:00:00","THETAUSD Perpetual","8h","0.010000%"
"2021-12-21 17:00:00","THETAUSD Perpetual","8h","0.010000%"
"2021-12-21 09:00:00","THETAUSD Perpetual","8h","0.010000%"
"2021-12-21 01:00:00","THETAUSD Perpetual","8h","0.010000%"
"2021-12-20 17:00:00","THETAUSD Perpetual","8h","0.010000%"
"2021-12-20 09:00:00","THETAUSD Perpetual","8h","0.010000%"
"2021-12-20 01:00:00","THETAUSD Perpetual","8h","0.010000%"
"2021-12-19 17:00:00","THETAUSD Perpetual","8h","0.010000%"
"2021-12-19 09:00:00","THETAUSD Perpetual","8h","0.010000%"
"2021-12-19 01:00:00","THETAUSD Perpetual","8h","0.010000%"
"2021-12-18 17:00:00","THETAUSD Perpetual","8h","0.010000%"
"2021-12-18 09:00:00","THETAUSD Perpetual","8h","0.010000%"
"2021-12-18 01:00:00","THETAUSD Perpetual","8h","0.010000%"
"2021-12-17 17:00:00","THETAUSD Perpetual","8h","0.010000%"
"2021-12-17 09:00:00","THETAUSD Perpetual","8h","0.010000%"
"2021-12-17 01:00:00","THETAUSD Perpetual","8h","0.010000%"
"2021-12-16 17:00:00","THETAUSD Perpetual","8h","0.010000%"
"2021-12-16 09:00:00","THETAUSD Perpetual","8h","0.010000%"
"2021-12-16 01:00:00","THETAUSD Perpetual","8h","0.010000%"
"2021-12-15 17:00:00","THETAUSD Perpetual","8h","0.009382%"
"2021-12-15 09:00:00","THETAUSD Perpetual","8h","0.010000%"
"2021-12-15 01:00:00","THETAUSD Perpetual","8h","0.010000%"
"2021-12-14 17:00:00","THETAUSD Perpetual","8h","0.010000%"
"2021-12-14 09:00:00","THETAUSD Perpetual","8h","0.010000%"
"2021-12-14 01:00:00","THETAUSD Perpetual","8h","0.010000%"
"2021-12-13 17:00:00","THETAUSD Perpetual","8h","0.010000%"
"2021-12-13 09:00:00","THETAUSD Perpetual","8h","0.010000%"
"2021-12-13 01:00:00","THETAUSD Perpetual","8h","0.010000%"
"2021-12-12 17:00:00","THETAUSD Perpetual","8h","0.010000%"
"2021-12-12 09:00:00","THETAUSD Perpetual","8h","0.010000%"
"2021-12-12 01:00:00","THETAUSD Perpetual","8h","0.010000%"
"2021-12-11 17:00:00","THETAUSD Perpetual","8h","0.010000%"
"2021-12-11 09:00:00","THETAUSD Perpetual","8h","0.010000%"
"2021-12-11 01:00:00","THETAUSD Perpetual","8h","0.010000%"
"2021-12-10 17:00:00","THETAUSD Perpetual","8h","0.010000%"
"2021-12-10 09:00:00","THETAUSD Perpetual","8h","0.010000%"
"2021-12-10 01:00:00","THETAUSD Perpetual","8h","0.010000%"
"2021-12-09 17:00:00","THETAUSD Perpetual","8h","0.010000%"
"2021-12-09 09:00:00","THETAUSD Perpetual","8h","0.010000%"
"2021-12-09 01:00:00","THETAUSD Perpetual","8h","0.010000%"
"2021-12-08 17:00:00","THETAUSD Perpetual","8h","0.010000%"
"2021-12-08 09:00:00","THETAUSD Perpetual","8h","0.010000%"
"2021-12-08 01:00:00","THETAUSD Perpetual","8h","0.010000%"
"2021-12-07 17:00:00","THETAUSD Perpetual","8h","0.010000%"
"2021-12-07 09:00:00","THETAUSD Perpetual","8h","0.010000%"
"2021-12-07 01:00:00","THETAUSD Perpetual","8h","0.010000%"
"2021-12-06 17:00:00","THETAUSD Perpetual","8h","0.010000%"
"2021-12-06 09:00:00","THETAUSD Perpetual","8h","0.010000%"
"2021-12-06 01:00:00","THETAUSD Perpetual","8h","0.010000%"
"2021-12-05 17:00:00","THETAUSD Perpetual","8h","0.010000%"
"2021-12-05 09:00:00","THETAUSD Perpetual","8h","0.007966%"
"2021-12-05 01:00:00","THETAUSD Perpetual","8h","0.084637%"
"2021-12-04 17:00:00","THETAUSD Perpetual","8h","-0.062754%"
"2021-12-04 09:00:00","THETAUSD Perpetual","8h","0.023913%"
"2021-12-04 01:00:00","THETAUSD Perpetual","8h","0.010000%"
"2021-12-03 17:00:00","THETAUSD Perpetual","8h","0.010000%"
"2021-12-03 09:00:00","THETAUSD Perpetual","8h","0.023743%"
"2021-12-03 01:00:00","THETAUSD Perpetual","8h","0.010000%"
"2021-12-02 17:00:00","THETAUSD Perpetual","8h","0.010000%"
"2021-12-02 09:00:00","THETAUSD Perpetual","8h","0.010000%"
"2021-12-02 01:00:00","THETAUSD Perpetual","8h","0.014692%"
"2021-12-01 17:00:00","THETAUSD Perpetual","8h","0.010000%"
"2021-12-01 09:00:00","THETAUSD Perpetual","8h","0.010000%"
"2021-12-01 01:00:00","THETAUSD Perpetual","8h","0.010000%"
"2021-11-30 17:00:00","THETAUSD Perpetual","8h","0.010000%"
"2021-11-30 09:00:00","THETAUSD Perpetual","8h","0.010000%"
"2021-11-30 01:00:00","THETAUSD Perpetual","8h","0.010000%"
"2021-11-29 17:00:00","THETAUSD Perpetual","8h","0.010000%"
"2021-11-29 09:00:00","THETAUSD Perpetual","8h","0.010000%"
"2021-11-29 01:00:00","THETAUSD Perpetual","8h","0.016048%"
"2021-11-28 17:00:00","THETAUSD Perpetual","8h","0.012266%"
"2021-11-28 09:00:00","THETAUSD Perpetual","8h","0.010000%"
"2021-11-28 01:00:00","THETAUSD Perpetual","8h","0.010000%"
"2021-11-27 17:00:00","THETAUSD Perpetual","8h","0.010000%"
"2021-11-27 09:00:00","THETAUSD Perpetual","8h","0.024020%"
"2021-11-27 01:00:00","THETAUSD Perpetual","8h","0.010000%"
"2021-11-26 17:00:00","THETAUSD Perpetual","8h","0.010000%"
"2021-11-26 09:00:00","THETAUSD Perpetual","8h","0.010000%"
"2021-11-26 01:00:00","THETAUSD Perpetual","8h","0.013606%"
"2021-11-25 17:00:00","THETAUSD Perpetual","8h","0.010000%"
"2021-11-25 09:00:00","THETAUSD Perpetual","8h","0.010000%"
"2021-11-25 01:00:00","THETAUSD Perpetual","8h","0.010000%"
"2021-11-24 17:00:00","THETAUSD Perpetual","8h","0.010000%"
"2021-11-24 09:00:00","THETAUSD Perpetual","8h","0.010000%"
"2021-11-24 01:00:00","THETAUSD Perpetual","8h","0.026994%"
"2021-11-23 17:00:00","THETAUSD Perpetual","8h","0.011614%"
"2021-11-23 09:00:00","THETAUSD Perpetual","8h","0.013870%"
"2021-11-23 01:00:00","THETAUSD Perpetual","8h","0.010000%"
"2021-11-22 17:00:00","THETAUSD Perpetual","8h","0.010000%"
"2021-11-22 09:00:00","THETAUSD Perpetual","8h","0.010000%"
"2021-11-22 01:00:00","THETAUSD Perpetual","8h","0.010000%"
"2021-11-21 17:00:00","THETAUSD Perpetual","8h","0.010000%"
"2021-11-21 09:00:00","THETAUSD Perpetual","8h","0.010385%"
"2021-11-21 01:00:00","THETAUSD Perpetual","8h","0.010000%"
"2021-11-20 17:00:00","THETAUSD Perpetual","8h","0.010000%"
"2021-11-20 09:00:00","THETAUSD Perpetual","8h","0.010000%"
"2021-11-20 01:00:00","THETAUSD Perpetual","8h","0.011412%"
"2021-11-19 17:00:00","THETAUSD Perpetual","8h","0.010000%"
"2021-11-19 09:00:00","THETAUSD Perpetual","8h","0.010000%"
"2021-11-19 01:00:00","THETAUSD Perpetual","8h","0.010000%"
"2021-11-18 17:00:00","THETAUSD Perpetual","8h","0.010000%"
"2021-11-18 09:00:00","THETAUSD Perpetual","8h","0.010000%"
"2021-11-18 01:00:00","THETAUSD Perpetual","8h","0.010000%"
"2021-11-17 17:00:00","THETAUSD Perpetual","8h","0.010000%"
"2021-11-17 09:00:00","THETAUSD Perpetual","8h","0.010000%"
"2021-11-17 01:00:00","THETAUSD Perpetual","8h","0.010000%"
"2021-11-16 17:00:00","THETAUSD Perpetual","8h","0.010000%"
"2021-11-16 09:00:00","THETAUSD Perpetual","8h","0.015264%"
"2021-11-16 01:00:00","THETAUSD Perpetual","8h","0.027226%"
"2021-11-15 17:00:00","THETAUSD Perpetual","8h","0.045961%"
"2021-11-15 09:00:00","THETAUSD Perpetual","8h","0.026774%"
"2021-11-15 01:00:00","THETAUSD Perpetual","8h","0.013091%"
"2021-11-14 17:00:00","THETAUSD Perpetual","8h","0.015798%"
"2021-11-14 09:00:00","THETAUSD Perpetual","8h","0.010000%"
"2021-11-14 01:00:00","THETAUSD Perpetual","8h","0.010000%"
"2021-11-13 17:00:00","THETAUSD Perpetual","8h","0.010000%"
"2021-11-13 09:00:00","THETAUSD Perpetual","8h","0.010000%"
"2021-11-13 01:00:00","THETAUSD Perpetual","8h","0.010000%"
"2021-11-12 17:00:00","THETAUSD Perpetual","8h","0.010000%"
"2021-11-12 09:00:00","THETAUSD Perpetual","8h","0.010000%"
"2021-11-12 01:00:00","THETAUSD Perpetual","8h","0.010000%"
"2021-11-11 17:00:00","THETAUSD Perpetual","8h","0.024447%"
"2021-11-11 09:00:00","THETAUSD Perpetual","8h","0.010000%"
"2021-11-11 01:00:00","THETAUSD Perpetual","8h","0.034067%"
"2021-11-10 17:00:00","THETAUSD Perpetual","8h","0.060778%"
"2021-11-10 09:00:00","THETAUSD Perpetual","8h","0.039085%"
"2021-11-10 01:00:00","THETAUSD Perpetual","8h","0.015730%"
"2021-11-09 17:00:00","THETAUSD Perpetual","8h","0.010000%"
"2021-11-09 09:00:00","THETAUSD Perpetual","8h","0.010000%"
"2021-11-09 01:00:00","THETAUSD Perpetual","8h","0.010000%"
"2021-11-08 17:00:00","THETAUSD Perpetual","8h","0.010901%"
"2021-11-08 09:00:00","THETAUSD Perpetual","8h","0.018161%"
"2021-11-08 01:00:00","THETAUSD Perpetual","8h","0.010000%"
"2021-11-07 17:00:00","THETAUSD Perpetual","8h","0.019667%"
"2021-11-07 09:00:00","THETAUSD Perpetual","8h","0.037321%"
"2021-11-07 01:00:00","THETAUSD Perpetual","8h","0.019006%"
"2021-11-06 17:00:00","THETAUSD Perpetual","8h","0.050224%"
"2021-11-06 09:00:00","THETAUSD Perpetual","8h","0.010000%"
"2021-11-06 01:00:00","THETAUSD Perpetual","8h","0.017245%"
"2021-11-05 17:00:00","THETAUSD Perpetual","8h","0.010000%"
"2021-11-05 09:00:00","THETAUSD Perpetual","8h","0.010000%"
"2021-11-05 01:00:00","THETAUSD Perpetual","8h","0.013479%"
"2021-11-04 17:00:00","THETAUSD Perpetual","8h","0.017714%"
"2021-11-04 09:00:00","THETAUSD Perpetual","8h","0.044317%"
"2021-11-04 01:00:00","THETAUSD Perpetual","8h","0.032221%"
"2021-11-03 17:00:00","THETAUSD Perpetual","8h","0.069328%"
"2021-11-03 09:00:00","THETAUSD Perpetual","8h","0.016623%"
"2021-11-03 01:00:00","THETAUSD Perpetual","8h","0.019948%"
"2021-11-02 17:00:00","THETAUSD Perpetual","8h","0.034445%"
"2021-11-02 09:00:00","THETAUSD Perpetual","8h","0.023758%"
"2021-11-02 01:00:00","THETAUSD Perpetual","8h","0.017476%"
"2021-11-01 17:00:00","THETAUSD Perpetual","8h","0.010975%"
"2021-11-01 09:00:00","THETAUSD Perpetual","8h","0.010000%"
"2021-11-01 01:00:00","THETAUSD Perpetual","8h","0.010000%"
"2021-10-31 17:00:00","THETAUSD Perpetual","8h","0.010000%"
"2021-10-31 09:00:00","THETAUSD Perpetual","8h","0.010000%"
"2021-10-31 01:00:00","THETAUSD Perpetual","8h","0.010000%"
"2021-10-30 17:00:00","THETAUSD Perpetual","8h","0.010000%"
"2021-10-30 09:00:00","THETAUSD Perpetual","8h","0.010000%"
"2021-10-30 01:00:00","THETAUSD Perpetual","8h","0.010000%"
"2021-10-29 17:00:00","THETAUSD Perpetual","8h","0.026994%"
"2021-10-29 09:00:00","THETAUSD Perpetual","8h","0.018759%"
"2021-10-29 01:00:00","THETAUSD Perpetual","8h","0.010818%"
"2021-10-28 17:00:00","THETAUSD Perpetual","8h","0.010000%"
"2021-10-28 09:00:00","THETAUSD Perpetual","8h","0.010000%"
"2021-10-28 01:00:00","THETAUSD Perpetual","8h","0.010000%"
"2021-10-27 17:00:00","THETAUSD Perpetual","8h","0.048518%"
"2021-10-27 09:00:00","THETAUSD Perpetual","8h","0.034196%"
"2021-10-27 01:00:00","THETAUSD Perpetual","8h","0.070772%"
"2021-10-26 17:00:00","THETAUSD Perpetual","8h","0.038170%"
"2021-10-26 09:00:00","THETAUSD Perpetual","8h","0.032064%"
"2021-10-26 01:00:00","THETAUSD Perpetual","8h","0.016794%"
"2021-10-25 17:00:00","THETAUSD Perpetual","8h","0.029390%"
"2021-10-25 09:00:00","THETAUSD Perpetual","8h","0.016513%"
"2021-10-25 01:00:00","THETAUSD Perpetual","8h","0.025434%"
"2021-10-24 17:00:00","THETAUSD Perpetual","8h","0.018760%"
"2021-10-24 09:00:00","THETAUSD Perpetual","8h","0.029739%"
"2021-10-24 01:00:00","THETAUSD Perpetual","8h","0.010000%"
"2021-10-23 17:00:00","THETAUSD Perpetual","8h","0.011543%"
"2021-10-23 09:00:00","THETAUSD Perpetual","8h","0.015273%"
"2021-10-23 01:00:00","THETAUSD Perpetual","8h","0.014940%"
"2021-10-22 17:00:00","THETAUSD Perpetual","8h","0.020063%"
"2021-10-22 09:00:00","THETAUSD Perpetual","8h","0.044336%"
"2021-10-22 01:00:00","THETAUSD Perpetual","8h","0.064198%"
"2021-10-21 17:00:00","THETAUSD Perpetual","8h","0.036862%"
"2021-10-21 09:00:00","THETAUSD Perpetual","8h","0.010000%"
"2021-10-21 01:00:00","THETAUSD Perpetual","8h","0.015223%"
"2021-10-20 17:00:00","THETAUSD Perpetual","8h","0.010000%"
"2021-10-20 09:00:00","THETAUSD Perpetual","8h","0.010000%"
"2021-10-20 01:00:00","THETAUSD Perpetual","8h","0.010000%"
"2021-10-19 17:00:00","THETAUSD Perpetual","8h","0.017558%"
"2021-10-19 09:00:00","THETAUSD Perpetual","8h","0.010000%"
"2021-10-19 01:00:00","THETAUSD Perpetual","8h","0.010000%"
"2021-10-18 17:00:00","THETAUSD Perpetual","8h","0.016009%"
"2021-10-18 09:00:00","THETAUSD Perpetual","8h","0.010000%"
"2021-10-18 01:00:00","THETAUSD Perpetual","8h","0.020923%"
"2021-10-17 17:00:00","THETAUSD Perpetual","8h","0.026310%"
"2021-10-17 09:00:00","THETAUSD Perpetual","8h","0.010000%"
"2021-10-17 01:00:00","THETAUSD Perpetual","8h","0.012358%"
"2021-10-16 17:00:00","THETAUSD Perpetual","8h","0.017221%"
"2021-10-16 09:00:00","THETAUSD Perpetual","8h","0.044157%"
"2021-10-16 01:00:00","THETAUSD Perpetual","8h","0.020174%"
"2021-10-15 17:00:00","THETAUSD Perpetual","8h","0.045654%"
"2021-10-15 09:00:00","THETAUSD Perpetual","8h","0.010000%"
"2021-10-15 01:00:00","THETAUSD Perpetual","8h","0.022870%"
"2021-10-14 17:00:00","THETAUSD Perpetual","8h","0.048596%"
"2021-10-14 09:00:00","THETAUSD Perpetual","8h","0.010000%"
"2021-10-14 01:00:00","THETAUSD Perpetual","8h","0.013260%"
"2021-10-13 17:00:00","THETAUSD Perpetual","8h","0.010000%"
"2021-10-13 09:00:00","THETAUSD Perpetual","8h","0.010000%"
"2021-10-13 01:00:00","THETAUSD Perpetual","8h","0.010000%"
"2021-10-12 17:00:00","THETAUSD Perpetual","8h","0.010000%"
"2021-10-12 09:00:00","THETAUSD Perpetual","8h","0.010000%"
"2021-10-12 01:00:00","THETAUSD Perpetual","8h","0.010000%"
"2021-10-11 17:00:00","THETAUSD Perpetual","8h","0.010000%"
"2021-10-11 09:00:00","THETAUSD Perpetual","8h","0.010000%"
"2021-10-11 01:00:00","THETAUSD Perpetual","8h","0.010000%"
"2021-10-10 17:00:00","THETAUSD Perpetual","8h","0.010000%"
"2021-10-10 09:00:00","THETAUSD Perpetual","8h","0.010000%"
"2021-10-10 01:00:00","THETAUSD Perpetual","8h","0.010000%"
"2021-10-09 17:00:00","THETAUSD Perpetual","8h","0.010000%"
"2021-10-09 09:00:00","THETAUSD Perpetual","8h","0.010000%"
"2021-10-09 01:00:00","THETAUSD Perpetual","8h","0.010000%"
"2021-10-08 17:00:00","THETAUSD Perpetual","8h","0.010000%"
"2021-10-08 09:00:00","THETAUSD Perpetual","8h","0.010000%"
"2021-10-08 01:00:00","THETAUSD Perpetual","8h","0.013297%"
"2021-10-07 17:00:00","THETAUSD Perpetual","8h","0.010000%"
"2021-10-07 09:00:00","THETAUSD Perpetual","8h","0.010000%"
"2021-10-07 01:00:00","THETAUSD Perpetual","8h","0.010000%"
"2021-10-06 17:00:00","THETAUSD Perpetual","8h","0.010000%"
"2021-10-06 09:00:00","THETAUSD Perpetual","8h","0.010000%"
"2021-10-06 01:00:00","THETAUSD Perpetual","8h","0.010000%"
"2021-10-05 17:00:00","THETAUSD Perpetual","8h","0.010000%"
"2021-10-05 09:00:00","THETAUSD Perpetual","8h","0.010000%"
"2021-10-05 01:00:00","THETAUSD Perpetual","8h","0.010000%"
"2021-10-04 17:00:00","THETAUSD Perpetual","8h","0.010000%"
"2021-10-04 09:00:00","THETAUSD Perpetual","8h","0.010000%"
"2021-10-04 01:00:00","THETAUSD Perpetual","8h","0.010000%"
"2021-10-03 17:00:00","THETAUSD Perpetual","8h","0.010000%"
"2021-10-03 09:00:00","THETAUSD Perpetual","8h","0.010000%"
"2021-10-03 01:00:00","THETAUSD Perpetual","8h","0.010000%"
"2021-10-02 17:00:00","THETAUSD Perpetual","8h","0.010000%"
"2021-10-02 09:00:00","THETAUSD Perpetual","8h","0.010000%"
"2021-10-02 01:00:00","THETAUSD Perpetual","8h","0.010000%"
"2021-10-01 17:00:00","THETAUSD Perpetual","8h","0.010000%"
"2021-10-01 09:00:00","THETAUSD Perpetual","8h","0.010000%"
"2021-10-01 01:00:00","THETAUSD Perpetual","8h","0.010000%"
"2021-09-30 17:00:00","THETAUSD Perpetual","8h","0.010000%"
"2021-09-30 09:00:00","THETAUSD Perpetual","8h","0.010000%"
"2021-09-30 01:00:00","THETAUSD Perpetual","8h","0.010000%"
"2021-09-29 17:00:00","THETAUSD Perpetual","8h","0.010000%"
"2021-09-29 09:00:00","THETAUSD Perpetual","8h","0.010000%"
"2021-09-29 01:00:00","THETAUSD Perpetual","8h","0.010000%"
"2021-09-28 17:00:00","THETAUSD Perpetual","8h","0.010000%"
"2021-09-28 09:00:00","THETAUSD Perpetual","8h","0.010000%"
"2021-09-28 01:00:00","THETAUSD Perpetual","8h","0.010000%"
"2021-09-27 17:00:00","THETAUSD Perpetual","8h","0.010000%"
"2021-09-27 09:00:00","THETAUSD Perpetual","8h","0.010000%"
"2021-09-27 01:00:00","THETAUSD Perpetual","8h","0.008324%"
"2021-09-26 17:00:00","THETAUSD Perpetual","8h","-0.001876%"
"2021-09-26 09:00:00","THETAUSD Perpetual","8h","-0.005594%"
"2021-09-26 01:00:00","THETAUSD Perpetual","8h","0.000553%"
"2021-09-25 17:00:00","THETAUSD Perpetual","8h","0.008558%"
"2021-09-25 09:00:00","THETAUSD Perpetual","8h","0.001094%"
"2021-09-25 01:00:00","THETAUSD Perpetual","8h","0.010000%"
"2021-09-24 17:00:00","THETAUSD Perpetual","8h","0.010000%"
"2021-09-24 09:00:00","THETAUSD Perpetual","8h","0.010000%"
"2021-09-24 01:00:00","THETAUSD Perpetual","8h","0.010000%"
"2021-09-23 17:00:00","THETAUSD Perpetual","8h","0.010000%"
"2021-09-23 09:00:00","THETAUSD Perpetual","8h","0.010000%"
"2021-09-23 01:00:00","THETAUSD Perpetual","8h","0.010000%"
"2021-09-22 17:00:00","THETAUSD Perpetual","8h","0.010000%"
"2021-09-22 09:00:00","THETAUSD Perpetual","8h","0.010000%"
"2021-09-22 01:00:00","THETAUSD Perpetual","8h","0.010000%"
"2021-09-21 17:00:00","THETAUSD Perpetual","8h","0.010000%"
"2021-09-21 09:00:00","THETAUSD Perpetual","8h","0.010000%"
"2021-09-21 01:00:00","THETAUSD Perpetual","8h","0.010000%"
"2021-09-20 17:00:00","THETAUSD Perpetual","8h","0.010000%"
"2021-09-20 09:00:00","THETAUSD Perpetual","8h","0.010000%"
"2021-09-20 01:00:00","THETAUSD Perpetual","8h","0.010000%"
"2021-09-19 17:00:00","THETAUSD Perpetual","8h","0.010000%"
"2021-09-19 09:00:00","THETAUSD Perpetual","8h","0.010000%"
"2021-09-19 01:00:00","THETAUSD Perpetual","8h","0.010000%"
"2021-09-18 17:00:00","THETAUSD Perpetual","8h","0.010000%"
"2021-09-18 09:00:00","THETAUSD Perpetual","8h","0.010000%"
"2021-09-18 01:00:00","THETAUSD Perpetual","8h","0.010000%"
"2021-09-17 17:00:00","THETAUSD Perpetual","8h","0.010000%"
"2021-09-17 09:00:00","THETAUSD Perpetual","8h","0.010000%"
"2021-09-17 01:00:00","THETAUSD Perpetual","8h","0.010000%"
"2021-09-16 17:00:00","THETAUSD Perpetual","8h","0.010000%"
"2021-09-16 09:00:00","THETAUSD Perpetual","8h","0.010000%"
"2021-09-16 01:00:00","THETAUSD Perpetual","8h","0.010000%"
"2021-09-15 17:00:00","THETAUSD Perpetual","8h","0.010000%"
"2021-09-15 09:00:00","THETAUSD Perpetual","8h","0.010000%"
"2021-09-15 01:00:00","THETAUSD Perpetual","8h","0.010000%"
"2021-09-14 17:00:00","THETAUSD Perpetual","8h","0.010000%"
"2021-09-14 09:00:00","THETAUSD Perpetual","8h","0.010000%"
"2021-09-14 01:00:00","THETAUSD Perpetual","8h","0.010000%"
"2021-09-13 17:00:00","THETAUSD Perpetual","8h","0.010000%"
"2021-09-13 09:00:00","THETAUSD Perpetual","8h","0.010000%"
"2021-09-13 01:00:00","THETAUSD Perpetual","8h","0.010000%"
"2021-09-12 17:00:00","THETAUSD Perpetual","8h","0.010000%"
"2021-09-12 09:00:00","THETAUSD Perpetual","8h","0.010000%"
"2021-09-12 01:00:00","THETAUSD Perpetual","8h","0.010000%"
"2021-09-11 17:00:00","THETAUSD Perpetual","8h","0.010000%"
"2021-09-11 09:00:00","THETAUSD Perpetual","8h","0.010000%"
"2021-09-11 01:00:00","THETAUSD Perpetual","8h","0.010000%"
"2021-09-10 17:00:00","THETAUSD Perpetual","8h","0.010000%"
"2021-09-10 09:00:00","THETAUSD Perpetual","8h","0.010000%"
"2021-09-10 01:00:00","THETAUSD Perpetual","8h","0.010000%"
"2021-09-09 17:00:00","THETAUSD Perpetual","8h","0.010000%"
"2021-09-09 09:00:00","THETAUSD Perpetual","8h","0.010000%"
"2021-09-09 01:00:00","THETAUSD Perpetual","8h","0.010000%"
"2021-09-08 17:00:00","THETAUSD Perpetual","8h","0.010000%"
"2021-09-08 09:00:00","THETAUSD Perpetual","8h","0.010000%"
"2021-09-08 01:00:00","THETAUSD Perpetual","8h","-0.122802%"
"2021-09-07 17:00:00","THETAUSD Perpetual","8h","0.050018%"
"2021-09-07 09:00:00","THETAUSD Perpetual","8h","0.050186%"
"2021-09-07 01:00:00","THETAUSD Perpetual","8h","0.030828%"
"2021-09-06 17:00:00","THETAUSD Perpetual","8h","0.059543%"
"2021-09-06 09:00:00","THETAUSD Perpetual","8h","0.068187%"
"2021-09-06 01:00:00","THETAUSD Perpetual","8h","0.063120%"
"2021-09-05 17:00:00","THETAUSD Perpetual","8h","0.010000%"
"2021-09-05 09:00:00","THETAUSD Perpetual","8h","0.010000%"
"2021-09-05 01:00:00","THETAUSD Perpetual","8h","0.032492%"
"2021-09-04 17:00:00","THETAUSD Perpetual","8h","0.030292%"
"2021-09-04 09:00:00","THETAUSD Perpetual","8h","0.037555%"
"2021-09-04 01:00:00","THETAUSD Perpetual","8h","0.032551%"
"2021-09-03 17:00:00","THETAUSD Perpetual","8h","0.042493%"
"2021-09-03 09:00:00","THETAUSD Perpetual","8h","0.021717%"
"2021-09-03 01:00:00","THETAUSD Perpetual","8h","0.046967%"
"2021-09-02 17:00:00","THETAUSD Perpetual","8h","0.100915%"
"2021-09-02 09:00:00","THETAUSD Perpetual","8h","0.029719%"
"2021-09-02 01:00:00","THETAUSD Perpetual","8h","0.017986%"
"2021-09-01 17:00:00","THETAUSD Perpetual","8h","0.019699%"
"2021-09-01 09:00:00","THETAUSD Perpetual","8h","0.019884%"
"2021-09-01 01:00:00","THETAUSD Perpetual","8h","0.030628%"
"2021-08-31 17:00:00","THETAUSD Perpetual","8h","0.010000%"
"2021-08-31 09:00:00","THETAUSD Perpetual","8h","0.016502%"
"2021-08-31 01:00:00","THETAUSD Perpetual","8h","0.010000%"
"2021-08-30 17:00:00","THETAUSD Perpetual","8h","0.010000%"
"2021-08-30 09:00:00","THETAUSD Perpetual","8h","0.010000%"
"2021-08-30 01:00:00","THETAUSD Perpetual","8h","0.010000%"
"2021-08-29 17:00:00","THETAUSD Perpetual","8h","0.010000%"
"2021-08-29 09:00:00","THETAUSD Perpetual","8h","0.010000%"
"2021-08-29 01:00:00","THETAUSD Perpetual","8h","0.010000%"
"2021-08-28 17:00:00","THETAUSD Perpetual","8h","0.010000%"
"2021-08-28 09:00:00","THETAUSD Perpetual","8h","0.010000%"
"2021-08-28 01:00:00","THETAUSD Perpetual","8h","0.010000%"
"2021-08-27 17:00:00","THETAUSD Perpetual","8h","0.010000%"
"2021-08-27 09:00:00","THETAUSD Perpetual","8h","0.010000%"
"2021-08-27 01:00:00","THETAUSD Perpetual","8h","0.010000%"
"2021-08-26 17:00:00","THETAUSD Perpetual","8h","0.010000%"
"2021-08-26 09:00:00","THETAUSD Perpetual","8h","0.010000%"
"2021-08-26 01:00:00","THETAUSD Perpetual","8h","0.025091%"
"2021-08-25 17:00:00","THETAUSD Perpetual","8h","0.030953%"
"2021-08-25 09:00:00","THETAUSD Perpetual","8h","0.023604%"
"2021-08-25 01:00:00","THETAUSD Perpetual","8h","0.023573%"
"2021-08-24 17:00:00","THETAUSD Perpetual","8h","0.042535%"
"2021-08-24 09:00:00","THETAUSD Perpetual","8h","0.056700%"
"2021-08-24 01:00:00","THETAUSD Perpetual","8h","0.010629%"
"2021-08-23 17:00:00","THETAUSD Perpetual","8h","0.046383%"
"2021-08-23 09:00:00","THETAUSD Perpetual","8h","0.010000%"
"2021-08-23 01:00:00","THETAUSD Perpetual","8h","0.010000%"
"2021-08-22 17:00:00","THETAUSD Perpetual","8h","0.010000%"
"2021-08-22 09:00:00","THETAUSD Perpetual","8h","0.010000%"
"2021-08-22 01:00:00","THETAUSD Perpetual","8h","0.014790%"
"2021-08-21 17:00:00","THETAUSD Perpetual","8h","0.034264%"
"2021-08-21 09:00:00","THETAUSD Perpetual","8h","0.031678%"
"2021-08-21 01:00:00","THETAUSD Perpetual","8h","0.021493%"
"2021-08-20 17:00:00","THETAUSD Perpetual","8h","0.031946%"
"2021-08-20 09:00:00","THETAUSD Perpetual","8h","0.010000%"
"2021-08-20 01:00:00","THETAUSD Perpetual","8h","0.010000%"
"2021-08-19 17:00:00","THETAUSD Perpetual","8h","0.010000%"
"2021-08-19 09:00:00","THETAUSD Perpetual","8h","0.010000%"
"2021-08-19 01:00:00","THETAUSD Perpetual","8h","0.010000%"
"2021-08-18 17:00:00","THETAUSD Perpetual","8h","0.010000%"
"2021-08-18 09:00:00","THETAUSD Perpetual","8h","0.010000%"
"2021-08-18 01:00:00","THETAUSD Perpetual","8h","0.010000%"
"2021-08-17 17:00:00","THETAUSD Perpetual","8h","0.010000%"
"2021-08-17 09:00:00","THETAUSD Perpetual","8h","0.010000%"
"2021-08-17 01:00:00","THETAUSD Perpetual","8h","0.039332%"
"2021-08-16 17:00:00","THETAUSD Perpetual","8h","0.018509%"
"2021-08-16 09:00:00","THETAUSD Perpetual","8h","0.018201%"
"2021-08-16 01:00:00","THETAUSD Perpetual","8h","0.010000%"
"2021-08-15 17:00:00","THETAUSD Perpetual","8h","0.010000%"
"2021-08-15 09:00:00","THETAUSD Perpetual","8h","0.010000%"
"2021-08-15 01:00:00","THETAUSD Perpetual","8h","0.010000%"
"2021-08-14 17:00:00","THETAUSD Perpetual","8h","0.020888%"
"2021-08-14 09:00:00","THETAUSD Perpetual","8h","0.010000%"
"2021-08-14 01:00:00","THETAUSD Perpetual","8h","0.010000%"
"2021-08-13 17:00:00","THETAUSD Perpetual","8h","0.010000%"
"2021-08-13 09:00:00","THETAUSD Perpetual","8h","0.010000%"
"2021-08-13 01:00:00","THETAUSD Perpetual","8h","0.010000%"
"2021-08-12 17:00:00","THETAUSD Perpetual","8h","0.010000%"
"2021-08-12 09:00:00","THETAUSD Perpetual","8h","0.010000%"
"2021-08-12 01:00:00","THETAUSD Perpetual","8h","0.010000%"
"2021-08-11 17:00:00","THETAUSD Perpetual","8h","0.010000%"
"2021-08-11 09:00:00","THETAUSD Perpetual","8h","0.010000%"
"2021-08-11 01:00:00","THETAUSD Perpetual","8h","0.010000%"
"2021-08-10 17:00:00","THETAUSD Perpetual","8h","0.010000%"
"2021-08-10 09:00:00","THETAUSD Perpetual","8h","0.010000%"
"2021-08-10 01:00:00","THETAUSD Perpetual","8h","0.010000%"
"2021-08-09 17:00:00","THETAUSD Perpetual","8h","0.010000%"
"2021-08-09 09:00:00","THETAUSD Perpetual","8h","0.010000%"
"2021-08-09 01:00:00","THETAUSD Perpetual","8h","0.010000%"
"2021-08-08 17:00:00","THETAUSD Perpetual","8h","0.010000%"
"2021-08-08 09:00:00","THETAUSD Perpetual","8h","0.010000%"
"2021-08-08 01:00:00","THETAUSD Perpetual","8h","0.010000%"
"2021-08-07 17:00:00","THETAUSD Perpetual","8h","0.010000%"
"2021-08-07 09:00:00","THETAUSD Perpetual","8h","0.010000%"
"2021-08-07 01:00:00","THETAUSD Perpetual","8h","0.010000%"
"2021-08-06 17:00:00","THETAUSD Perpetual","8h","0.010000%"
"2021-08-06 09:00:00","THETAUSD Perpetual","8h","0.010000%"
"2021-08-06 01:00:00","THETAUSD Perpetual","8h","0.010000%"
"2021-08-05 17:00:00","THETAUSD Perpetual","8h","0.010000%"